"pattern","variant","family","lookahead_span","propagation_passes","N_zero","divergences","min_ess","ess_per_1k_grad","seconds","max_abs_zero_mean","failed","error"
1,"cvine_span1","cvine",1,0,12,7,12301.764477518,230.318364366022,0.705143928527832,2.35081294299987e-20,FALSE,NA
1,"cvine_span2","cvine",2,0,12,2,12498.7306619535,235.52292647082,0.573369026184082,3.01543733112514e-20,FALSE,NA
1,"cvine_span3","cvine",3,0,12,1,11082.6211255331,215.619391924611,0.564033031463623,3.5588936613749e-20,FALSE,NA
1,"cvine_span4","cvine",4,0,12,0,11571.885108858,220.215519312972,0.556939125061035,4.02325353148766e-20,FALSE,NA
1,"cvine_span5","cvine",5,0,12,0,11571.885108858,220.215519312972,0.563583135604858,4.02325353148766e-20,FALSE,NA
1,"cvine_all","cvine",7,0,12,0,11571.885108858,220.215519312972,0.56221079826355,4.02325353148766e-20,FALSE,NA
1,"cvine_all_sweep1","cvine",7,1,12,0,11397.8554425503,219.392043473789,3.77577090263367,4.02375934387627e-20,FALSE,NA
1,"cvine_all_sweep2","cvine",7,2,12,0,11397.8554425503,219.392043473789,8.13206911087036,4.02375934387627e-20,FALSE,NA
1,"cvine_all_sweep4","cvine",7,4,12,0,11397.8554425503,219.392043473789,15.3113551139832,4.02375934387627e-20,FALSE,NA
1,"rowscale_pass0","rowscale",NA,0,12,62,10729.4179635845,206.14467344729,0.672748804092407,7.68888724940345e-20,FALSE,NA
1,"rowscale_pass1","rowscale",NA,1,12,24,11670.8453275705,217.188576142074,1.93885898590088,8.39596007996262e-20,FALSE,NA
1,"rowscale_pass2","rowscale",NA,2,12,24,11670.8453275705,217.188576142074,3.41190004348755,8.39596007996262e-20,FALSE,NA
1,"rowscale_pass4","rowscale",NA,4,12,24,11670.8453275705,217.188576142074,6.42162609100342,8.39596007996262e-20,FALSE,NA
2,"cvine_span1","cvine",1,0,11,20,11153.3294339415,214.507730242168,0.563890933990479,9.60437436033751e-20,FALSE,NA
2,"cvine_span2","cvine",2,0,11,0,12307.7312086272,227.954719377449,0.470560073852539,5.53000307261204e-20,FALSE,NA
2,"cvine_span3","cvine",3,0,11,0,12307.7312086272,227.954719377449,0.563905000686646,5.53000307261204e-20,FALSE,NA
2,"cvine_span4","cvine",4,0,11,0,12307.7312086272,227.954719377449,0.580319881439209,5.53000307261204e-20,FALSE,NA
2,"cvine_span5","cvine",5,0,11,0,12307.7312086272,227.954719377449,0.565161943435669,5.53000307261204e-20,FALSE,NA
2,"cvine_all","cvine",7,0,11,0,12307.7312086272,227.954719377449,0.556517124176025,5.53000307261204e-20,FALSE,NA
2,"cvine_all_sweep1","cvine",7,1,11,0,12109.7484608199,227.490014668243,4.08611297607422,6.18854770047527e-20,FALSE,NA
2,"cvine_all_sweep2","cvine",7,2,11,0,12109.7484608199,227.490014668243,7.24402713775635,6.18854770047527e-20,FALSE,NA
2,"cvine_all_sweep4","cvine",7,4,11,0,12109.7484608199,227.490014668243,14.9787459373474,6.18854770047527e-20,FALSE,NA
2,"rowscale_pass0","rowscale",NA,0,11,58,9364.52696354228,170.642643018009,0.880851984024048,1.44883293578254e-19,FALSE,NA
2,"rowscale_pass1","rowscale",NA,1,11,26,10365.1037458467,188.295524657959,1.8322172164917,4.57601083199924e-20,FALSE,NA
2,"rowscale_pass2","rowscale",NA,2,11,26,10365.1037458467,188.295524657959,3.50689911842346,4.57601083199924e-20,FALSE,NA
2,"rowscale_pass4","rowscale",NA,4,11,26,10365.1037458467,188.295524657959,6.20562195777893,4.57601083199924e-20,FALSE,NA
3,"cvine_span1","cvine",1,0,13,12,11428.8548524486,223.276512638925,0.670325040817261,1.34452736596509e-19,FALSE,NA
3,"cvine_span2","cvine",2,0,13,8,10353.0206861589,205.665998255009,0.669914960861206,5.60153359074095e-20,FALSE,NA
3,"cvine_span3","cvine",3,0,13,1,9535.2981834486,188.065523715999,0.67418098449707,9.17460770433498e-20,FALSE,NA
3,"cvine_span4","cvine",4,0,13,1,9535.2981834486,188.065523715999,0.568506002426147,9.17460770433498e-20,FALSE,NA
3,"cvine_span5","cvine",5,0,13,1,9535.2981834486,188.065523715999,0.678455114364624,9.17460770433498e-20,FALSE,NA
3,"cvine_all","cvine",7,0,13,1,9535.2981834486,188.065523715999,0.57925820350647,9.17460770433498e-20,FALSE,NA
3,"cvine_all_sweep1","cvine",7,1,13,0,11255.4490926154,221.563958516052,4.00661015510559,2.34518016107005e-20,FALSE,NA
3,"cvine_all_sweep2","cvine",7,2,13,0,11255.4490926154,221.563958516052,7.66582584381104,2.34518016107005e-20,FALSE,NA
3,"cvine_all_sweep4","cvine",7,4,13,0,11255.4490926154,221.563958516052,15.5057189464569,2.34518016107005e-20,FALSE,NA
3,"rowscale_pass0","rowscale",NA,0,13,53,10735.8773588889,207.264322153151,0.680893182754517,4.73517885370722e-20,FALSE,NA
3,"rowscale_pass1","rowscale",NA,1,13,26,10333.8288201642,195.298486575401,1.70971393585205,6.64836171569593e-20,FALSE,NA
3,"rowscale_pass2","rowscale",NA,2,13,26,10333.8288201642,195.298486575401,3.19506597518921,6.64836171569593e-20,FALSE,NA
3,"rowscale_pass4","rowscale",NA,4,13,26,10333.8288201642,195.298486575401,6.10191321372986,6.64836171569593e-20,FALSE,NA
4,"cvine_span1","cvine",1,0,12,114,9019.54693181252,166.341717201419,1.09357285499573,7.20560890360017e-20,FALSE,NA
4,"cvine_span2","cvine",2,0,12,19,9213.42025226528,169.842023563797,0.669786930084229,1.44162243134119e-19,FALSE,NA
4,"cvine_span3","cvine",3,0,12,0,9224.38467013611,172.870777176464,0.564004898071289,3.5868986098001e-20,FALSE,NA
4,"cvine_span4","cvine",4,0,12,0,9224.38467013611,172.870777176464,0.56543493270874,3.5868986098001e-20,FALSE,NA
4,"cvine_span5","cvine",5,0,12,0,9224.38467013611,172.870777176464,0.572623014450073,3.5868986098001e-20,FALSE,NA
4,"cvine_all","cvine",7,0,12,0,9224.38467013611,172.870777176464,0.62372899055481,3.5868986098001e-20,FALSE,NA
4,"cvine_all_sweep1","cvine",7,1,12,0,9476.9226166199,181.300172494259,4.02520084381104,1.68412550158129e-19,FALSE,NA
4,"cvine_all_sweep2","cvine",7,2,12,0,9476.9226166199,181.300172494259,7.57220983505249,1.68412550158129e-19,FALSE,NA
4,"cvine_all_sweep4","cvine",7,4,12,0,9476.9226166199,181.300172494259,13.5185461044312,1.68412550158129e-19,FALSE,NA
4,"rowscale_pass0","rowscale",NA,0,12,77,8897.6431016337,157.497134237861,0.992312908172607,1.50706219382405e-20,FALSE,NA
4,"rowscale_pass1","rowscale",NA,1,12,72,9287.97173193616,171.494520429405,1.81297898292542,2.37846856449993e-20,FALSE,NA
4,"rowscale_pass2","rowscale",NA,2,12,72,9287.97173193616,171.494520429405,3.19333696365356,2.37846856449993e-20,FALSE,NA
4,"rowscale_pass4","rowscale",NA,4,12,72,9287.97173193616,171.494520429405,6.22990608215332,2.37846856449993e-20,FALSE,NA
5,"cvine_span1","cvine",1,0,11,53,10085.5664574094,184.82227010591,0.770885944366455,8.75306420493344e-20,FALSE,NA
5,"cvine_span2","cvine",2,0,11,14,10561.5563840676,196.009063787607,0.675629138946533,7.80377225247484e-20,FALSE,NA
5,"cvine_span3","cvine",3,0,11,7,10453.9137006225,194.076184918268,0.559514999389648,9.53222301772494e-20,FALSE,NA
5,"cvine_span4","cvine",4,0,11,7,10453.9137006225,194.076184918268,0.565529108047485,9.53222301772494e-20,FALSE,NA
5,"cvine_span5","cvine",5,0,11,7,10453.9137006225,194.076184918268,0.672102928161621,9.53222301772494e-20,FALSE,NA
5,"cvine_all","cvine",7,0,11,7,10453.9137006225,194.076184918268,0.668026924133301,9.53222301772494e-20,FALSE,NA
5,"cvine_all_sweep1","cvine",7,1,11,7,10453.9137006225,194.076184918268,4.0000958442688,9.53222301772494e-20,FALSE,NA
5,"cvine_all_sweep2","cvine",7,2,11,7,10453.9137006225,194.076184918268,7.34918594360352,9.53222301772494e-20,FALSE,NA
5,"cvine_all_sweep4","cvine",7,4,11,7,10453.9137006225,194.076184918268,15.1030170917511,9.53222301772494e-20,FALSE,NA
5,"rowscale_pass0","rowscale",NA,0,11,112,9566.80026122061,174.787157182384,1.31462407112122,7.93229425128685e-20,FALSE,NA
5,"rowscale_pass1","rowscale",NA,1,11,59,10296.5005281631,188.618595837313,1.81463408470154,8.0286431355299e-20,FALSE,NA
5,"rowscale_pass2","rowscale",NA,2,11,59,10296.5005281631,188.618595837313,3.35929703712463,8.0286431355299e-20,FALSE,NA
5,"rowscale_pass4","rowscale",NA,4,11,59,10296.5005281631,188.618595837313,6.4282648563385,8.0286431355299e-20,FALSE,NA
