"K","eta","model","N_zero","divergences","min_ess","ess_per_1k_grad","seconds","failed"
5,1,"carpenter",6,1304,3651.76939016795,64.4210103053303,5.90140295028687,FALSE
5,1,"pinkney",6,1320,4229.07816911255,82.5685423204778,5.71088004112244,FALSE
5,1,"ldl2",6,1387,4103.09775464813,85.8352737259557,5.8921229839325,FALSE
5,1,"ldl3",6,1182,4020.35135956009,66.6227750362099,4.98446297645569,FALSE
5,1,"cvine",6,1183,4402.70218293395,76.1397029422723,5.12781286239624,FALSE
5,1,"schur",6,1409,3733.75269875445,76.3439323359529,5.24592590332031,FALSE
5,1,"qr2",6,0,7269.60982232158,182.534269630934,0.255898952484131,FALSE
5,1,"tri",6,0,7350.01704060947,160.606962691405,0.152684926986694,FALSE
5,2,"carpenter",6,238,6635.99919228533,131.424141807485,1.67987012863159,FALSE
5,2,"pinkney",6,324,6459.18672240037,139.18261339425,2.10394477844238,FALSE
5,2,"ldl2",6,402,6203.57873971555,145.265864412026,2.097904920578,FALSE
5,2,"ldl3",6,333,7456.52848972254,161.957612722036,1.89304709434509,FALSE
5,2,"cvine",6,333,6769.1972747431,147.006260445699,1.78796792030334,FALSE
5,2,"schur",6,260,6886.67521651448,140.65347037528,1.66047692298889,FALSE
5,2,"qr2",6,0,8028.03112956854,196.361195811773,0.260069131851196,FALSE
5,2,"tri",6,0,8961.17320324727,250.270155930494,0.163022041320801,FALSE
5,3,"carpenter",6,57,8250.12219594041,179.124629726441,0.806674003601074,FALSE
5,3,"pinkney",6,62,7710.30729429933,162.860555822388,0.797224998474121,FALSE
5,3,"ldl2",6,68,7368.89495231129,165.229269301567,0.809505939483643,FALSE
5,3,"ldl3",6,96,7146.00497417787,168.904343721704,1.01650905609131,FALSE
5,3,"cvine",6,104,7726.96651555009,184.983996446101,1.01549792289734,FALSE
5,3,"schur",6,82,7966.25394594,182.223252875083,0.798734903335571,FALSE
5,3,"qr2",6,0,7878.45544222057,189.69602817636,0.270519018173218,FALSE
5,3,"tri",6,0,7093.25007504944,177.242630560956,0.163912057876587,FALSE
5,4,"carpenter",6,37,8564.8605580482,201.421865341428,0.595973014831543,FALSE
5,4,"pinkney",6,26,8165.81276071105,188.761275097343,0.494390964508057,FALSE
5,4,"ldl2",6,27,8132.36684944318,194.810560532835,0.602704048156738,FALSE
5,4,"ldl3",6,11,8923.71093816766,192.874207062651,0.486664056777954,FALSE
5,4,"cvine",6,18,7954.2342649738,185.772806711675,0.611402034759521,FALSE
5,4,"schur",6,28,7569.16194765187,183.896062868121,0.512719869613647,FALSE
5,4,"qr2",6,0,8027.0011592714,217.699098483169,0.264662027359009,FALSE
5,4,"tri",6,0,8413.59607325786,209.867699507554,0.161669969558716,FALSE
7,1,"carpenter",7,6771,691.570119453799,3.56077479265056,26.9425399303436,FALSE
7,1,"pinkney",7,6771,691.570119453799,3.56077479265056,21.6674919128418,FALSE
7,1,"ldl2",7,6771,691.570119453799,3.56077479265056,26.4730157852173,FALSE
7,1,"ldl3",7,6771,691.570119453799,3.56077479265056,22.3974440097809,FALSE
7,1,"cvine",7,6861,733.637467556081,5.63387422385428,27.383505821228,FALSE
7,1,"schur",7,NA,NA,NA,NA,TRUE
7,1,"qr2",7,0,4531.9401759894,81.1535738125744,0.423507928848267,FALSE
7,1,"tri",7,0,7402.94405466692,132.821588464671,0.395551919937134,FALSE
7,2,"carpenter",7,1489,3320.9811174277,34.0463294898425,6.74151301383972,FALSE
7,2,"pinkney",7,1488,3500.32840133983,34.5817326918842,5.2502601146698,FALSE
7,2,"ldl2",7,1288,5391.54917311973,47.3137975579382,6.01513695716858,FALSE
7,2,"ldl3",7,1634,4856.18321351069,51.1543337706009,5.7552649974823,FALSE
7,2,"cvine",7,1594,4622.34744440008,47.566759739031,6.50579595565796,FALSE
7,2,"schur",7,NA,NA,NA,NA,TRUE
7,2,"qr2",7,0,4176.07922939999,75.0661351272648,0.376080989837646,FALSE
7,2,"tri",7,0,8756.58416074256,157.096953009375,0.370152950286865,FALSE
7,3,"carpenter",7,659,6793.59179785078,126.583163424897,3.06544494628906,FALSE
7,3,"pinkney",7,439,6283.15619640582,80.0606039297377,2.42239999771118,FALSE
7,3,"ldl2",7,506,7067.7744153517,113.902667408288,2.63604402542114,FALSE
7,3,"ldl3",7,505,6823.83512859777,121.511363093375,2.20393896102905,FALSE
7,3,"cvine",7,461,6598.75303162186,92.495942468172,2.60321116447449,FALSE
7,3,"schur",7,NA,NA,NA,NA,TRUE
7,3,"qr2",7,0,3998.85487100349,72.2493111043486,0.378378868103027,FALSE
7,3,"tri",7,0,9573.96403080931,172.703009430863,0.38467288017273,FALSE
7,4,"carpenter",7,184,8181.15701323373,147.644998524368,1.32784581184387,FALSE
7,4,"pinkney",7,165,8578.12146822672,143.689533630827,1.11114096641541,FALSE
7,4,"ldl2",7,142,8110.77454542673,146.19012897076,1.2249538898468,FALSE
7,4,"ldl3",7,218,8872.91505574166,161.393219996392,1.22119498252869,FALSE
7,4,"cvine",7,130,8879.63497007989,159.307396438398,1.32958602905273,FALSE
7,4,"schur",7,NA,NA,NA,NA,TRUE
7,4,"qr2",7,0,3829.35642351368,69.0023861812325,0.487100839614868,FALSE
7,4,"tri",7,0,10400.0549825891,187.334371759296,0.371374845504761,FALSE
9,1,"carpenter",13,7490,368.771900740044,3.16165176947714,29.6838231086731,FALSE
9,1,"pinkney",13,7490,368.771900740044,3.16165176947714,23.8810579776764,FALSE
9,1,"ldl2",13,7490,368.771900740044,3.16165176947714,28.9995341300964,FALSE
9,1,"ldl3",13,7490,368.771900740044,3.16165176947714,24.8388249874115,FALSE
9,1,"cvine",13,7465,375.728969973052,3.32606532973091,29.6715550422668,FALSE
9,1,"schur",13,NA,NA,NA,NA,TRUE
9,1,"qr2",13,0,4147.14169829968,62.5322934001761,0.815924167633057,FALSE
9,1,"tri",13,0,5451.12341745612,97.3275856566225,0.589695930480957,FALSE
9,2,"carpenter",13,1864,5403.92854532127,41.3128591821511,8.00862812995911,FALSE
9,2,"pinkney",13,1980,4769.99411671434,43.8293695428172,6.80463910102844,FALSE
9,2,"ldl2",13,2174,4284.25634918291,39.5562317574224,8.95315480232239,FALSE
9,2,"ldl3",13,2564,19.2705795181655,0.202553969162328,11.3581659793854,FALSE
9,2,"cvine",13,1774,4155.36576692248,39.0420806227625,7.49759292602539,FALSE
9,2,"schur",13,NA,NA,NA,NA,TRUE
9,2,"qr2",13,0,3573.44083908708,62.5865356432514,0.692806005477905,FALSE
9,2,"tri",13,0,7112.12431192437,127.047593996505,0.5868079662323,FALSE
9,3,"carpenter",13,820,5676.71287318301,71.6177946253407,3.75398707389832,FALSE
9,3,"pinkney",13,771,6193.23214181085,72.1359518002546,3.0953860282898,FALSE
9,3,"ldl2",13,594,6684.44559189719,61.1551887130014,3.06982707977295,FALSE
9,3,"ldl3",13,825,5750.09102654991,80.2625734781747,3.19947719573975,FALSE
9,3,"cvine",13,726,6295.77947810255,71.9657473806631,3.58275103569031,FALSE
9,3,"schur",13,NA,NA,NA,NA,TRUE
9,3,"qr2",13,0,3907.44769594026,69.7808360586517,0.71417498588562,FALSE
9,3,"tri",13,0,7369.33856046025,131.651753616912,0.59182620048523,FALSE
9,4,"carpenter",13,281,6809.78319690686,119.206371825559,1.78268885612488,FALSE
9,4,"pinkney",13,199,6651.32344103924,96.5569200992849,1.48718214035034,FALSE
9,4,"ldl2",13,186,7200.507688492,89.3374320834254,1.56889200210571,FALSE
9,4,"ldl3",13,216,7630.54839823808,94.5931843038427,1.56957077980042,FALSE
9,4,"cvine",13,193,6693.53875091116,102.386826017761,1.57268905639648,FALSE
9,4,"schur",13,NA,NA,NA,NA,TRUE
9,4,"qr2",13,0,3332.51073499336,59.5601718436045,0.699059963226318,FALSE
9,4,"tri",13,0,8069.59252384721,144.161650061584,0.587051153182983,FALSE
15,1,"carpenter",64,762,685.952154986472,10.561234102948,11.4623229503632,FALSE
15,1,"pinkney",64,1085,615.48589446767,15.1206459763584,14.1732740402222,FALSE
15,1,"ldl2",64,742,896.216594319057,9.46884377351115,11.1789531707764,FALSE
15,1,"ldl3",64,638,915.981250108624,8.89837815100958,10.2364637851715,FALSE
15,1,"cvine",64,NA,NA,NA,NA,TRUE
15,1,"schur",64,NA,NA,NA,NA,TRUE
15,1,"qr2",64,0,3977.71097143317,47.6212883276646,4.14773511886597,FALSE
15,1,"tri",64,0,7400.25824474453,132.090858288314,1.4375331401825,FALSE
15,2,"carpenter",64,246,1362.74968890067,48.1554008587113,4.34948301315308,FALSE
15,2,"pinkney",64,163,1236.04292570576,34.0958547309322,3.5952479839325,FALSE
15,2,"ldl2",64,199,1203.61240041406,38.2560676503103,3.79585289955139,FALSE
15,2,"ldl3",64,412,1521.65390794038,56.708303504654,5.82424306869507,FALSE
15,2,"cvine",64,NA,NA,NA,NA,TRUE
15,2,"schur",64,NA,NA,NA,NA,TRUE
15,2,"qr2",64,2000,7.14450502744957,0.162345596878967,22.921128988266,FALSE
15,2,"tri",64,0,7537.07758244357,134.513806083016,1.34187197685242,FALSE
15,3,"carpenter",64,165,1373.1982084289,48.4082986720097,2.57469487190247,FALSE
15,3,"pinkney",64,112,1802.70379283383,62.1557698456654,2.25652599334717,FALSE
15,3,"ldl2",64,169,1345.57505387034,50.2924707109078,2.88065886497498,FALSE
15,3,"ldl3",64,145,1907.41924057598,66.5092660335431,2.56431198120117,FALSE
15,3,"cvine",64,NA,NA,NA,NA,TRUE
15,3,"schur",64,NA,NA,NA,NA,TRUE
15,3,"qr2",64,0,3862.84408738884,63.709659707561,3.01549291610718,FALSE
15,3,"tri",64,0,8144.28489875878,145.433658906407,1.22200608253479,FALSE
15,4,"carpenter",64,43,1950.76460949094,73.0158554287885,1.42086291313171,FALSE
15,4,"pinkney",64,26,2041.83524234493,71.6508840349836,1.4193480014801,FALSE
15,4,"ldl2",64,38,1820.22998672412,65.1035440010059,1.83001208305359,FALSE
15,4,"ldl3",64,49,1796.9300850076,82.0628435405579,1.618084192276,FALSE
15,4,"cvine",64,NA,NA,NA,NA,TRUE
15,4,"schur",64,NA,NA,NA,NA,TRUE
15,4,"qr2",64,0,3660.15892975236,62.0955301600224,2.83936905860901,FALSE
15,4,"tri",64,0,8389.74240666437,149.816828690435,1.22804403305054,FALSE
25,1,"carpenter",143,NA,NA,NA,NA,TRUE
25,1,"pinkney",143,NA,NA,NA,NA,TRUE
25,1,"ldl2",143,NA,NA,NA,NA,TRUE
25,1,"ldl3",143,NA,NA,NA,NA,TRUE
25,1,"cvine",143,NA,NA,NA,NA,TRUE
25,1,"schur",143,NA,NA,NA,NA,TRUE
25,1,"qr2",143,0,3855.74517424103,2.91423684745881,852.498436927795,FALSE
25,1,"tri",143,0,1155.88645446817,38.539825769144,6.84312295913696,FALSE
25,2,"carpenter",143,NA,NA,NA,NA,TRUE
25,2,"pinkney",143,NA,NA,NA,NA,TRUE
25,2,"ldl2",143,NA,NA,NA,NA,TRUE
25,2,"ldl3",143,NA,NA,NA,NA,TRUE
25,2,"cvine",143,NA,NA,NA,NA,TRUE
25,2,"schur",143,NA,NA,NA,NA,TRUE
25,2,"qr2",143,0,4149.26471289157,19.2095588559795,85.5435819625854,FALSE
25,2,"tri",143,0,1245.62412875327,41.5208042917755,6.95729804039001,FALSE
25,3,"carpenter",143,NA,NA,NA,NA,TRUE
25,3,"pinkney",143,NA,NA,NA,NA,TRUE
25,3,"ldl2",143,NA,NA,NA,NA,TRUE
25,3,"ldl3",143,NA,NA,NA,NA,TRUE
25,3,"cvine",143,NA,NA,NA,NA,TRUE
25,3,"schur",143,NA,NA,NA,NA,TRUE
25,3,"qr2",143,0,3540.09377966082,26.0945702593231,42.237254858017,FALSE
25,3,"tri",143,0,1499.00109389615,50.1673726203532,6.72212600708008,FALSE
25,4,"carpenter",143,NA,NA,NA,NA,TRUE
25,4,"pinkney",143,NA,NA,NA,NA,TRUE
25,4,"ldl2",143,NA,NA,NA,NA,TRUE
25,4,"ldl3",143,NA,NA,NA,NA,TRUE
25,4,"cvine",143,NA,NA,NA,NA,TRUE
25,4,"schur",143,NA,NA,NA,NA,TRUE
25,4,"qr2",143,0,3890.69958204392,30.8315866460942,37.4398229122162,FALSE
25,4,"tri",143,0,1150.68129292224,43.74548710927,6.33757781982422,FALSE
