"scenario","model","variable","row","col","lower","upper","mean","sd","q05","q50","q95","mcse_mean"
"all_positive","tri_sign","Omega[2,1]",2,1,0,1,0.352055865271074,0.212948820072682,0.03983141405,0.33243429,0.726167872,0.00316327135795432
"all_positive","tri_sign","Omega[3,1]",3,1,0,1,0.349686009891828,0.213125633457458,0.03804061505,0.334770385,0.729808855,0.00305904524434599
"all_positive","tri_sign","Omega[3,2]",3,2,0,1,0.354850274982518,0.215666312946583,0.0394806786,0.337953145,0.7371071405,0.00326661065806094
"all_positive","tri_sign","Omega[4,1]",4,1,0,1,0.349974647386914,0.212848350600954,0.03598417225,0.33458986,0.722732015,0.00304292605617703
"all_positive","tri_sign","Omega[4,2]",4,2,0,1,0.353924118823006,0.214222012716772,0.04066296415,0.337270025,0.72931983,0.00294962795335592
"all_positive","tri_sign","Omega[4,3]",4,3,0,1,0.356509485316977,0.219130673812836,0.0365265132,0.339215515,0.737527662,0.00313873084381996
"all_positive","tri_sign","Omega[5,1]",5,1,0,1,0.355050791318962,0.217535433666361,0.03562069545,0.341505535,0.7304875355,0.00301245582590664
"all_positive","tri_sign","Omega[5,2]",5,2,0,1,0.353946696426155,0.21341597890886,0.03866599355,0.33871407,0.7344434855,0.0031032994312086
"all_positive","tri_sign","Omega[5,3]",5,3,0,1,0.352878650933535,0.214430113072626,0.03631171985,0.33535942,0.7215767305,0.00297000293396385
"all_positive","tri_sign","Omega[5,4]",5,4,0,1,0.354233346884081,0.216310721896993,0.03622260155,0.33866462,0.7321019015,0.00300788540808368
"all_positive","global_ray","Omega[2,1]",2,1,0,1,0.354662127007287,0.2142575354729,0.03988232515,0.337793135,0.7285141495,0.00388045400937107
"all_positive","global_ray","Omega[3,1]",3,1,0,1,0.350735843901397,0.213410935794185,0.03990362755,0.336140105,0.719342394,0.00374093852441222
"all_positive","global_ray","Omega[3,2]",3,2,0,1,0.352998997413491,0.21110701487627,0.04171301435,0.33958208,0.724254906,0.00350981194507818
"all_positive","global_ray","Omega[4,1]",4,1,0,1,0.349334473946671,0.21413854235934,0.03919380535,0.33088442,0.7308643885,0.00348424912409837
"all_positive","global_ray","Omega[4,2]",4,2,0,1,0.357970923823784,0.215237218638901,0.04002691495,0.3420475,0.734420085,0.00368909675299506
"all_positive","global_ray","Omega[4,3]",4,3,0,1,0.35156555344384,0.213349401458479,0.0411431648,0.334213595,0.7278524535,0.00369284173313096
"all_positive","global_ray","Omega[5,1]",5,1,0,1,0.352623061025087,0.213728163414803,0.03835309855,0.33013103,0.73473445,0.00369735263864182
"all_positive","global_ray","Omega[5,2]",5,2,0,1,0.352546489259249,0.214287588272476,0.04012793315,0.334664555,0.7348673035,0.00381073420093449
"all_positive","global_ray","Omega[5,3]",5,3,0,1,0.349417481032681,0.213138651280568,0.04049041455,0.33142854,0.725738183,0.0037937595770038
"all_positive","global_ray","Omega[5,4]",5,4,0,1,0.355731140341671,0.214689446070991,0.04065188595,0.338185705,0.734306194,0.00369494496919533
"all_negative","tri_sign","Omega[2,1]",2,1,-1,0,-0.197770103639438,0.156630845197143,-0.5031163445,-0.159900755,-0.0134089979,0.0020388602567761
"all_negative","tri_sign","Omega[3,1]",3,1,-1,0,-0.19228326689399,0.152420953806254,-0.4888693415,-0.155302965,-0.0134310913,0.00189038573990222
"all_negative","tri_sign","Omega[3,2]",3,2,-1,0,-0.194024406056347,0.155811431609458,-0.5034723005,-0.15704602,-0.0126193824,0.00181301589220565
"all_negative","tri_sign","Omega[4,1]",4,1,-1,0,-0.195538031910263,0.155810977367888,-0.5064948665,-0.15891588,-0.01288747635,0.00193849328962088
"all_negative","tri_sign","Omega[4,2]",4,2,-1,0,-0.194767510745244,0.152801602643569,-0.497357865,-0.15864414,-0.01280359035,0.00177152945448857
"all_negative","tri_sign","Omega[4,3]",4,3,-1,0,-0.198444106498214,0.158618926063876,-0.5128193935,-0.1599571,-0.01174453695,0.00188583924899864
"all_negative","tri_sign","Omega[5,1]",5,1,-1,0,-0.193224699433504,0.154130319185336,-0.500289494,-0.157404585,-0.0133467946,0.00187188346693249
"all_negative","tri_sign","Omega[5,2]",5,2,-1,0,-0.193409966011469,0.154475063507968,-0.499449042,-0.158036635,-0.01227216315,0.00190238216656863
"all_negative","tri_sign","Omega[5,3]",5,3,-1,0,-0.195301684127504,0.154628038334365,-0.496317311,-0.162421895,-0.0127625675,0.00171359149508554
"all_negative","tri_sign","Omega[5,4]",5,4,-1,0,-0.192123329195757,0.152724091082553,-0.493580069,-0.15384942,-0.013857729,0.00194355710384301
"all_negative","global_ray","Omega[2,1]",2,1,-1,0,-0.193792285722728,0.154004877822995,-0.494575522,-0.157651025,-0.0143928581,0.00334634871040358
"all_negative","global_ray","Omega[3,1]",3,1,-1,0,-0.192405358418587,0.153215831142409,-0.4945673435,-0.155472995,-0.0138743067,0.00342192557310114
"all_negative","global_ray","Omega[3,2]",3,2,-1,0,-0.20425321036462,0.159021466719172,-0.511283314,-0.170120525,-0.01403460585,0.00367028692460039
"all_negative","global_ray","Omega[4,1]",4,1,-1,0,-0.19459866482331,0.156907091195363,-0.508165707,-0.15852571,-0.012233542,0.0035840320355036
"all_negative","global_ray","Omega[4,2]",4,2,-1,0,-0.190899062566109,0.151302391518235,-0.4856068415,-0.15587924,-0.0132760781,0.00345805895914347
"all_negative","global_ray","Omega[4,3]",4,3,-1,0,-0.19537261051929,0.155879304427517,-0.5045550035,-0.159062315,-0.01268581215,0.00350587161039829
"all_negative","global_ray","Omega[5,1]",5,1,-1,0,-0.197124483514657,0.159756385982618,-0.5110266155,-0.158348205,-0.01219436295,0.00350343529835389
"all_negative","global_ray","Omega[5,2]",5,2,-1,0,-0.191058281200156,0.153452311718136,-0.493570547,-0.15326949,-0.0137208104,0.00338673871090505
"all_negative","global_ray","Omega[5,3]",5,3,-1,0,-0.191805446405561,0.151076583706147,-0.4856399825,-0.15847662,-0.01333797485,0.00313968878037995
"all_negative","global_ray","Omega[5,4]",5,4,-1,0,-0.197382047790284,0.153531047039834,-0.497912719,-0.162479105,-0.01388794475,0.00350493766091135
"mixed_signs","tri_sign","Omega[2,1]",2,1,-1,0,-0.240248779929366,0.177450329071623,-0.576756124,-0.20258085,-0.01894868505,0.00227469489103279
"mixed_signs","tri_sign","Omega[3,1]",3,1,0,1,0.302685793801632,0.196542289960386,0.02967139925,0.27696128,0.661364051,0.00254768272639655
"mixed_signs","tri_sign","Omega[3,2]",3,2,-1,0,-0.307843307315681,0.199545043785275,-0.666516145,-0.281389355,-0.03047540655,0.0025781651289154
"mixed_signs","tri_sign","Omega[4,1]",4,1,0,1,0.23756009013251,0.172165913309019,0.0201178913,0.20274992,0.5662310905,0.00217737050417729
"mixed_signs","tri_sign","Omega[4,2]",4,2,0,1,0.20210769404917,0.159664019229362,0.01380506545,0.164174235,0.5220603265,0.00207986506320814
"mixed_signs","tri_sign","Omega[4,3]",4,3,0,1,0.304645977986382,0.199540070478414,0.02663879815,0.28035615,0.667441729,0.00267222303344824
"mixed_signs","tri_sign","Omega[5,1]",5,1,-1,0,-0.203974095400262,0.157338975481796,-0.513656956,-0.170043245,-0.01538252925,0.00216989497206847
"mixed_signs","tri_sign","Omega[5,2]",5,2,-1,0,-0.239084378031479,0.175763051026106,-0.5778743435,-0.20336112,-0.0175485032,0.00244436470261762
"mixed_signs","tri_sign","Omega[5,3]",5,3,0,1,0.307638019951227,0.202137235481831,0.0284720694,0.28394638,0.6772149235,0.00266019810857816
"mixed_signs","tri_sign","Omega[5,4]",5,4,0,1,0.242970137193908,0.177329876839444,0.0177167352,0.21208432,0.577865058,0.00216091251669083
"mixed_signs","global_ray","Omega[2,1]",2,1,-1,0,-0.239381306384817,0.177122679111145,-0.588466745,-0.20423683,-0.0176569319,0.00385912927932574
"mixed_signs","global_ray","Omega[3,1]",3,1,0,1,0.296943559813413,0.199328168362806,0.02816380925,0.26708845,0.6615988865,0.00416876213762139
"mixed_signs","global_ray","Omega[3,2]",3,2,-1,0,-0.306157837443996,0.201564374540749,-0.676828877,-0.279343655,-0.0286653724,0.00426934044350654
"mixed_signs","global_ray","Omega[4,1]",4,1,0,1,0.244798555699153,0.180382975569658,0.01781144075,0.2072815,0.5865534265,0.00379900006456426
"mixed_signs","global_ray","Omega[4,2]",4,2,0,1,0.201471316498864,0.156523750571508,0.0123808794,0.16685391,0.5068618345,0.00359104214863471
"mixed_signs","global_ray","Omega[4,3]",4,3,0,1,0.305367861830481,0.198297615141421,0.027574027,0.28329098,0.669952276,0.00433639227308573
"mixed_signs","global_ray","Omega[5,1]",5,1,-1,0,-0.200350301182163,0.155633504057264,-0.508162022,-0.163205565,-0.0153268214,0.00340041750944278
"mixed_signs","global_ray","Omega[5,2]",5,2,-1,0,-0.237014268665308,0.175415451358113,-0.5775112755,-0.20187844,-0.01821251865,0.00377018825986477
"mixed_signs","global_ray","Omega[5,3]",5,3,0,1,0.316760947658163,0.203786253693621,0.03008187985,0.29548232,0.6900345815,0.00402917276027061
"mixed_signs","global_ray","Omega[5,4]",5,4,0,1,0.235758260777698,0.17404889375823,0.0172107331,0.20223971,0.5758644955,0.00368781042880285
"heterogeneous_box","direct_box","Omega[2,1]",2,1,-0.072428348428117,0.0619962613020503,-0.00530108647762268,0.0387443398899507,-0.0659301573,-0.00577066845,0.0552516773,0.000418911382942545
"heterogeneous_box","direct_box","Omega[3,1]",3,1,-0.1091755611543,0.0107413438147885,-0.0491429415735075,0.0346845579593163,-0.1028338785,-0.0495977635,0.00529857566,0.000371998371603458
"heterogeneous_box","direct_box","Omega[3,2]",3,2,0.0472063762264721,0.21025071034725,0.128405859433333,0.0467225399927116,0.05652265815,0.12775934,0.201320046,0.000458075797919316
"heterogeneous_box","direct_box","Omega[4,1]",4,1,-0.017707793359003,0.129235831274747,0.0550162940678314,0.042173956275745,-0.0101729904,0.054461351,0.121558961,0.000425787729009705
"heterogeneous_box","direct_box","Omega[4,2]",4,2,-0.310074677706693,-0.210696104802907,-0.25949247827,0.0285074126020304,-0.3046614095,-0.258630815,-0.215560564,0.00030702169249728
"heterogeneous_box","direct_box","Omega[4,3]",4,3,0.112531280553702,0.187364945277158,0.150113214881666,0.0215615553903847,0.1162753455,0.15037954,0.1836288755,0.000240461877621558
"heterogeneous_box","direct_box","Omega[5,1]",5,1,0.00627504492564758,0.0530638008431273,0.0296872855847333,0.013576538876686,0.008625627925,0.0298199075,0.05068091705,0.000125087774046098
"heterogeneous_box","direct_box","Omega[5,2]",5,2,0.201174887164057,0.323357130907622,0.261369493276667,0.0350206707156899,0.206933026,0.26153032,0.3169756265,0.000370474168541681
"heterogeneous_box","direct_box","Omega[5,3]",5,3,0.183765616945976,0.302653115334163,0.243393317438333,0.0342445095912659,0.1899568225,0.24350335,0.296398451,0.000340665188669882
"heterogeneous_box","direct_box","Omega[5,4]",5,4,0.166158223851264,0.213870050190797,0.189871529278333,0.0136895588920688,0.168617172,0.18992302,0.2113959815,0.000140565919262701
"heterogeneous_box","global_ray","Omega[2,1]",2,1,-0.072428348428117,0.0619962613020503,-0.00603595587246635,0.0391082851693766,-0.06628982825,-0.005616312,0.0547905199,0.000757713116865182
"heterogeneous_box","global_ray","Omega[3,1]",3,1,-0.1091755611543,0.0107413438147885,-0.0480707357519826,0.0345113718416179,-0.1029379005,-0.0476894295,0.00487666454,0.000625032488464861
"heterogeneous_box","global_ray","Omega[3,2]",3,2,0.0472063762264721,0.21025071034725,0.128368370420667,0.046888287121388,0.0552396621,0.127526285,0.2019288535,0.000936863696671615
"heterogeneous_box","global_ray","Omega[4,1]",4,1,-0.017707793359003,0.129235831274747,0.0563559626257968,0.0428856719595004,-0.01054131025,0.0562438745,0.1221593035,0.000789631091303271
"heterogeneous_box","global_ray","Omega[4,2]",4,2,-0.310074677706693,-0.210696104802907,-0.259246558058333,0.028789658446434,-0.305029609,-0.25873431,-0.215387489,0.000540938284321615
"heterogeneous_box","global_ray","Omega[4,3]",4,3,0.112531280553702,0.187364945277158,0.150517781423334,0.0215257443266591,0.116883502,0.15058682,0.1836866705,0.000384753444742619
"heterogeneous_box","global_ray","Omega[5,1]",5,1,0.00627504492564758,0.0530638008431273,0.0296975685054834,0.0135308536797444,0.0086234734,0.029784626,0.05052875645,0.000230036783098851
"heterogeneous_box","global_ray","Omega[5,2]",5,2,0.201174887164057,0.323357130907622,0.260763211083333,0.0349838705232126,0.206996387,0.25983522,0.3166097835,0.00065812122420818
"heterogeneous_box","global_ray","Omega[5,3]",5,3,0.183765616945976,0.302653115334163,0.242071992119999,0.0342921787325016,0.189637005,0.24126057,0.2966669715,0.000627116435635044
"heterogeneous_box","global_ray","Omega[5,4]",5,4,0.166158223851264,0.213870050190797,0.189546404856667,0.0137617885004404,0.168476629,0.18937437,0.2114756915,0.000230513635054049
"wide_heterogeneous_box","global_ray","Omega[2,1]",2,1,-0.438936519307591,0.393717274664394,-0.0117050770984636,0.230996419684499,-0.38137105,-0.0116815365,0.3482517905,0.00366609393940337
"wide_heterogeneous_box","global_ray","Omega[3,1]",3,1,-0.400926331451966,0.515889364552812,0.0368201293547945,0.24684214152209,-0.3471266545,0.0289562975,0.4476098945,0.00402853629463526
"wide_heterogeneous_box","global_ray","Omega[3,2]",3,2,-0.246312555709624,0.636168282998956,0.147934110680089,0.238636690804547,-0.2049318785,0.131428895,0.5487070955,0.00385363870630068
"wide_heterogeneous_box","global_ray","Omega[4,1]",4,1,-0.464021857308218,0.534745195003233,0.0304742868651846,0.265701537243035,-0.3943696965,0.029291149,0.4654109315,0.004499324227656
"wide_heterogeneous_box","global_ray","Omega[4,2]",4,2,-0.538148768011694,0.153245211440856,-0.146972830126963,0.1906489244294,-0.479195264,-0.130036725,0.1287254215,0.00304926724464857
"wide_heterogeneous_box","global_ray","Omega[4,3]",4,3,-0.132004160149755,0.50320178904125,0.161645641897544,0.177571201086432,-0.1053106985,0.151652115,0.458563941,0.00282972991906429
"wide_heterogeneous_box","global_ray","Omega[5,1]",5,1,-0.530083040397003,0.641680399172619,0.0345105660156967,0.302537935584039,-0.447647775,0.021730837,0.533540816,0.00526737741745665
"wide_heterogeneous_box","global_ray","Omega[5,2]",5,2,-0.0657380932099026,0.561714481926073,0.213998184569276,0.174284096020227,-0.0407254917,0.199864695,0.5110260215,0.00292831737170463
"wide_heterogeneous_box","global_ray","Omega[5,3]",5,3,-0.0706844517132641,0.627137383249551,0.236450695397833,0.188047389333345,-0.0401335124,0.21999258,0.565062403,0.00316317099665049
"wide_heterogeneous_box","global_ray","Omega[5,4]",5,4,-0.411567090036538,0.842544387416724,0.0892489927279463,0.295123742799649,-0.348403209,0.063028146,0.6106939155,0.00500912062095743
